{"cameraMode":{"drawMode":0,"name":"Shaded","section":"Shading Mode"},"sceneLighting":true,"audioPlay":false,"sceneViewState":{"showFog":true,"showMaterialUpdate":false,"showSkybox":true,"showFlares":true,"showImageEffects":true,"showParticleSystems":true},"in2DMode":false,"pivot":{"x":0.8930364847183228,"y":0.3285003900527954,"z":-0.16988444328308106},"rotation":{"x":-0.18264439702033997,"y":-0.16373929381370545,"z":0.0308646522462368,"w":-0.9689609408378601},"size":1.5982680320739747,"orthographic":false}