{"cameraMode":{"drawMode":0,"name":"Shaded","section":"Shading Mode"},"sceneLighting":true,"audioPlay":false,"sceneViewState":{"showFog":true,"showMaterialUpdate":false,"showSkybox":true,"showFlares":true,"showImageEffects":true,"showParticleSystems":true},"in2DMode":false,"pivot":{"x":-0.7864971160888672,"y":-0.39155805110931399,"z":0.3792062997817993},"rotation":{"x":-0.22166605293750764,"y":-0.1967625916004181,"z":0.04572053626179695,"w":-0.9539754986763},"size":1.208838939666748,"orthographic":false}