{"cameraMode":{"drawMode":0,"name":"Shaded","section":"Shading Mode"},"sceneLighting":true,"audioPlay":false,"sceneViewState":{"showFog":true,"showMaterialUpdate":false,"showSkybox":true,"showFlares":true,"showImageEffects":true,"showParticleSystems":true},"in2DMode":false,"pivot":{"x":0.07308554649353028,"y":0.6376399993896484,"z":0.43370628356933596},"rotation":{"x":-0.2820998430252075,"y":-0.11991254985332489,"z":0.03556358441710472,"w":-0.9512012600898743},"size":7.586129188537598,"orthographic":false}